time,pv1_kw,pv2_kw,pv3_kw
2025-01-01 00:00:00,0.0,0.0,0.0
2025-01-01 00:15:00,0.0,0.0,0.0
2025-01-01 00:30:00,0.0,0.0,0.0
2025-01-01 00:45:00,0.0,0.0,0.0
2025-01-01 01:00:00,0.0,0.0,0.0
2025-01-01 01:15:00,0.0,0.0,0.0
2025-01-01 01:30:00,0.0,0.0,0.0
2025-01-01 01:45:00,0.0,0.0,0.0
2025-01-01 02:00:00,0.0,0.0,0.0
2025-01-01 02:15:00,0.0,0.0,0.0
2025-01-01 02:30:00,0.0,0.0,0.0
2025-01-01 02:45:00,0.0,0.0,0.0
2025-01-01 03:00:00,0.0,0.0,0.0
2025-01-01 03:15:00,0.0,0.0,0.0
2025-01-01 03:30:00,0.0,0.0,0.0
2025-01-01 03:45:00,0.0,0.0,0.0
2025-01-01 04:00:00,0.0,0.0,0.0
2025-01-01 04:15:00,0.0,0.0,0.0
2025-01-01 04:30:00,0.0,0.0,0.0
2025-01-01 04:45:00,0.0,0.0,0.0
2025-01-01 05:00:00,0.0,0.0,0.0
2025-01-01 05:15:00,0.0,0.0,0.0
2025-01-01 05:30:00,0.0,0.0,0.0
2025-01-01 05:45:00,0.0,0.0,0.0
2025-01-01 06:00:00,0.019840733719630212,0.014880550289722658,0.024800917149537763
2025-01-01 06:15:00,0.09909521456679882,0.07432141092509911,0.12386901820849852
2025-01-01 06:30:00,0.17791637725421036,0.1334372829406578,0.22239547156776296
2025-01-01 06:45:00,0.25595955689249617,0.19196966766937215,0.31994944611562026
2025-01-01 07:00:00,0.3328834905142138,0.24966261788566033,0.4161043631427672
2025-01-01 07:15:00,0.40835180932997184,0.3062638569974789,0.5104397616624647
2025-01-01 07:30:00,0.4820345095835635,0.3615258821876726,0.6025431369794544
2025-01-01 07:45:00,0.5536093955744253,0.41520704668081904,0.6920117444680317
2025-01-01 08:00:00,0.6227634885374581,0.4670726164030936,0.7784543606718226
2025-01-01 08:15:00,0.6891943952195325,0.5168957964146494,0.8614929940244157
2025-01-01 08:30:00,0.7526116301682443,0.5644587226261832,0.9407645377103053
2025-01-01 08:45:00,0.8127378859508895,0.6095534144631671,1.0159223574386118
2025-01-01 09:00:00,0.8693102457493067,0.65198268431198,1.0866378071866334
2025-01-01 09:15:00,0.922081333028231,0.6915609997711734,1.152601666285289
2025-01-01 09:30:00,0.9708203932499369,0.7281152949374528,1.2135254915624212
2025-01-01 09:45:00,1.0153143029051224,0.7614857271788419,1.2691428786314032
2025-01-01 10:00:00,1.0553685014477865,0.79152637608584,1.3192106268097332
2025-01-01 10:15:00,1.0908078420589948,0.8181058815442461,1.3635098025737435
2025-01-01 10:30:00,1.121477357519353,0.8411080181395149,1.4018466968991914
2025-01-01 10:45:00,1.1472429378412294,0.8604322033809221,1.4340536723015367
2025-01-01 11:00:00,1.1679919166976072,0.8759939375232055,1.4599898958720092
2025-01-01 11:15:00,1.1836335640832667,0.8877251730624501,1.4795419551040836
2025-01-01 11:30:00,1.1940994830540135,0.8955746122905102,1.492624353817517
2025-01-01 11:45:00,1.1993439088091113,0.8995079316068335,1.4991798860113892
2025-01-01 12:00:00,1.1993439088091113,0.8995079316068335,1.4991798860113892
2025-01-01 12:15:00,1.1940994830540135,0.8955746122905102,1.492624353817517
2025-01-01 12:30:00,1.1836335640832667,0.8877251730624501,1.4795419551040836
2025-01-01 12:45:00,1.1679919166976072,0.8759939375232054,1.459989895872009
2025-01-01 13:00:00,1.1472429378412294,0.8604322033809221,1.4340536723015367
2025-01-01 13:15:00,1.121477357519353,0.8411080181395147,1.4018466968991912
2025-01-01 13:30:00,1.090807842058995,0.8181058815442462,1.3635098025737438
2025-01-01 13:45:00,1.0553685014477867,0.7915263760858401,1.3192106268097334
2025-01-01 14:00:00,1.0153143029051224,0.7614857271788419,1.2691428786314032
2025-01-01 14:15:00,0.9708203932499371,0.7281152949374529,1.2135254915624214
2025-01-01 14:30:00,0.9220813330282308,0.6915609997711731,1.1526016662852885
2025-01-01 14:45:00,0.869310245749307,0.6519826843119803,1.0866378071866338
2025-01-01 15:00:00,0.8127378859508891,0.6095534144631669,1.0159223574386114
2025-01-01 15:15:00,0.7526116301682445,0.5644587226261835,0.9407645377103058
2025-01-01 15:30:00,0.6891943952195323,0.5168957964146492,0.8614929940244154
2025-01-01 15:45:00,0.6227634885374583,0.46707261640309383,0.778454360671823
2025-01-01 16:00:00,0.5536093955744255,0.4152070466808191,0.6920117444680318
2025-01-01 16:15:00,0.4820345095835633,0.3615258821876725,0.6025431369794542
2025-01-01 16:30:00,0.40835180932997134,0.30626385699747855,0.5104397616624642
2025-01-01 16:45:00,0.33288349051421356,0.2496626178856602,0.416104363142767
2025-01-01 17:00:00,0.255959556892496,0.19196966766937204,0.31994944611562004
2025-01-01 17:15:00,0.17791637725420992,0.13343728294065746,0.2223954715677624
2025-01-01 17:30:00,0.09909521456679815,0.07432141092509861,0.12386901820849769
2025-01-01 17:45:00,0.019840733719630885,0.014880550289723165,0.02480091714953861
2025-01-01 18:00:00,0.0,0.0,0.0
2025-01-01 18:15:00,0.0,0.0,0.0
2025-01-01 18:30:00,0.0,0.0,0.0
2025-01-01 18:45:00,0.0,0.0,0.0
2025-01-01 19:00:00,0.0,0.0,0.0
2025-01-01 19:15:00,0.0,0.0,0.0
2025-01-01 19:30:00,0.0,0.0,0.0
2025-01-01 19:45:00,0.0,0.0,0.0
2025-01-01 20:00:00,0.0,0.0,0.0
2025-01-01 20:15:00,0.0,0.0,0.0
2025-01-01 20:30:00,0.0,0.0,0.0
2025-01-01 20:45:00,0.0,0.0,0.0
2025-01-01 21:00:00,0.0,0.0,0.0
2025-01-01 21:15:00,0.0,0.0,0.0
2025-01-01 21:30:00,0.0,0.0,0.0
2025-01-01 21:45:00,0.0,0.0,0.0
2025-01-01 22:00:00,0.0,0.0,0.0
2025-01-01 22:15:00,0.0,0.0,0.0
2025-01-01 22:30:00,0.0,0.0,0.0
2025-01-01 22:45:00,0.0,0.0,0.0
2025-01-01 23:00:00,0.0,0.0,0.0
2025-01-01 23:15:00,0.0,0.0,0.0
2025-01-01 23:30:00,0.0,0.0,0.0
2025-01-01 23:45:00,0.0,0.0,0.0
